[
  {
    "id": 1,
    "priority": 1,
    "action": {
      "type": "allow"
    },
    "condition": {
      "urlFilter": "https://api.layerwallet.com/address/utxos",
      "resourceTypes": ["xmlhttprequest"]
    }
  },
  {
    "id": 2,
    "priority": 1,
    "action": {
      "type": "allow"
    },
    "condition": {
      "urlFilter": "https://testnet-api.layerwallet.com/address/utxos",
      "resourceTypes": ["xmlhttprequest"]
    }
  },
  {
    "id": 3,
    "priority": 1,
    "action": {
      "type": "allow"
    },
    "condition": {
      "urlFilter": "https://api.layerwallet.com/tx/sendTx",
      "resourceTypes": ["xmlhttprequest"]
    }
  },
  {
    "id": 4,
    "priority": 1,
    "action": {
      "type": "allow"
    },
    "condition": {
      "urlFilter": "https://testnet-api.layerwallet.com/tx/sendTx",
      "resourceTypes": ["xmlhttprequest"]
    }
  }
]
